<?xml version="1.0" encoding="UTF-8" standalone="yes"?>
<addon id="plugin.video.fanfilm" name="FanFilm" version="2021.05.25.4" provider-name="FanFilm">
    <requires>
        <import addon="xbmc.python" version="3.0.0"/>
        <import addon="script.module.ptw" version="2021.02.28.1"/>
        <import addon="script.module.requests"/>
        <import addon="script.module.metahandler" version="5.0.0"/>
        <import addon="script.module.beautifulsoup4"/>
        <import addon="script.module.future"/>
        <import addon="plugin.video.youtube"/>
        <import addon="script.module.resolveurl"/>
        <import addon="script.fanfilm.media" version="2021.03.07.1"/>
        <import addon="script.fanfilm.metadata" version="2021.03.07.0"/>
    </requires>
    <extension point="xbmc.python.pluginsource" library="default.py">
        <provides>video</provides>
    </extension>
    <extension point="xbmc.service" library="service.py" start="startup"/>
    <extension point="xbmc.addon.metadata">
        <summary lang="pl">Wtyczka Rapideo.pl do FanFilm</summary>
        <description lang="pl">Wtyczka Rapideo.pl do FanFilm</description>
        <platform>all</platform>
        <assets>
            <icon>icon.png</icon>
        </assets>
    </extension>
    <reuselanguageinvoker>true</reuselanguageinvoker>
</addon>

